Ming & Jason's,ming-and-jasons-san-francisco
Natural Nails,natural-nails-san-francisco
Pretty Parlor,pretty-parlor-san-francisco-4
Discount Beauty Supply,discount-beauty-supply-san-francisco
The I Spa,the-i-spa-san-francisco
Julies Beauty Salon,julies-beauty-salon-san-francisco
Hand Job,hand-job-san-francisco
Recharge Medical & Day Spa,recharge-medical-and-day-spa-san-francisco-3
Yamamoto International Hair Design,yamamoto-international-hair-design-san-francisco
Diva International,diva-international-san-francisco
Steel + Lacquer,steel-lacquer-san-francisco
Richard's Hair Design,richards-hair-design-san-francisco
Morphic,morphic-san-francisco-2
Fairyland Spa,fairyland-spa-san-francisco-3
EMANstyle,emanstyle-san-francisco-2
Kristina Goett,kristina-goett-san-francisco-3
CODE Salon,code-salon-san-francisco
Sol Y Luna Spa,sol-y-luna-spa-san-francisco
Fellow Barber,fellow-barber-san-francisco
Shear Bliss,shear-bliss-san-francisco
Nail Chic,nail-chic-san-francisco-2
Selina's Bridal Shop,selinas-bridal-shop-fremont-4
EPI Center MedSpa,epi-center-medspa-san-francisco
Nails 2001,nails-2001-san-francisco
Melissa Cope Skincare & Makeup Studio,melissa-cope-skincare-and-makeup-studio-san-francisco
Q Spa,q-spa-san-francisco
The John Brody Salon,the-john-brody-salon-san-francisco
La Fleur 2,la-fleur-2-san-francisco-2
Joffer,joffer-san-francisco
Angel's Nails,angels-nails-san-francisco
Diane's Nail Care,dianes-nail-care-san-francisco-3
Hair Caffe,hair-caffe-san-francisco
Barnets,barnets-san-francisco
Elegant Nails Salon,elegant-nails-salon-san-francisco
Salon Mio Mio,salon-mio-mio-san-francisco
Public Barber Salon,public-barber-salon-san-francisco-3
Archer Salon,archer-salon-san-francisco
Tailored Salon,tailored-salon-san-francisco
Jennifer Clark Skincare,jennifer-clark-skincare-san-francisco
Mani Pedi Spa,mani-pedi-spa-san-francisco-2
Church Nails,church-nails-san-francisco
John Cameron Salon,john-cameron-salon-san-francisco
Golden Nails,golden-nails-san-francisco-2
Kabuki Springs & Spa,kabuki-springs-and-spa-san-francisco-2
Tootsie Toes,tootsie-toes-san-francisco
Le Petit Salon,le-petit-salon-san-francisco
Mercer Street Salon,mercer-street-salon-san-francisco
The New Nails,the-new-nails-san-francisco-4
2nd Street Hair Co,2nd-street-hair-co-san-francisco
Orange,orange-san-francisco-3
Elevate Podiatry + Spa,elevate-podiatry-spa-san-francisco-2
New Look Beauty Center,new-look-beauty-center-san-francisco-2
City Beauty Salon,city-beauty-salon-san-francisco
Kate SPA,kate-spa-san-francisco-2
Laurel Heights Nail Salon,laurel-heights-nail-salon-san-francisco
Lily Nail Care,lily-nail-care-san-francisco
Bella Nails,bella-nails-san-francisco
Franklin Beauty Salon,franklin-beauty-salon-san-francisco
Bebe Skin Care & Threading,bebe-skin-care-and-threading-san-francisco
Bombshell,bombshell-millbrae
Noe Valley Nails,noe-valley-nails-san-francisco
Sydney Nails,sydney-nails-san-francisco
Maya's European Skin and Nail Care,mayas-european-skin-and-nail-care-san-francisco-2
Post Street Hair & Nail Care,post-street-hair-and-nail-care-san-francisco
Citrine Salon,citrine-salon-san-francisco
New Age Nails,new-age-nails-san-francisco-2
Lily Beauty Salon,lily-beauty-salon-san-francisco
Empress Hair and Nails,empress-hair-and-nails-san-francisco
Finest Nails,finest-nails-san-francisco
Green Twig Salon,green-twig-salon-san-francisco-4
Xcelerate Salon,xcelerate-salon-san-francisco-3
Black Heart Tattoo,black-heart-tattoo-san-francisco-2
West Coast Nails and Facial,west-coast-nails-and-facial-san-francisco
Le Burge't Salon,le-burget-salon-san-francisco
Cut Couture,cut-couture-san-francisco
Lashes 2 Lashes,lashes-2-lashes-san-francisco-2
Hair of the Gods by Geno Valle,hair-of-the-gods-by-geno-valle-san-francisco
PREP,prep-san-francisco
Posh Salon & Blow Dry Boutique,posh-salon-and-blow-dry-boutique-san-francisco
Carrie Jossel,carrie-jossel-san-francisco
Adollup,adollup-san-francisco
Sugar San Francisco,sugar-san-francisco-san-francisco
Best Brazilian Wax By Carla Martins,best-brazilian-wax-by-carla-martins-san-francisco
Modern Nail Bar,modern-nail-bar-san-francisco
Amber Marie,amber-marie-san-francisco
SF Manscaping,sf-manscaping-san-francisco
diPietro Todd Salon Union Square,dipietro-todd-salon-union-square-san-francisco-3
Kathy's Nails,kathys-nails-san-francisco
Sweet Asylum,sweet-asylum-san-francisco
Thao Nail Studio,thao-nail-studio-san-francisco
Trio Nails,trio-nails-san-francisco
Finishing Touch Nails,finishing-touch-nails-san-francisco
Shag Hair Salon,shag-hair-salon-san-francisco
Katie Brooke Callahan,katie-brooke-callahan-san-francisco
International College of Cosmetology,international-college-of-cosmetology-san-francisco-2
Timothy Scott,timothy-scott-san-francisco
Chong's Barber & Beauty Shop,chongs-barber-and-beauty-shop-san-francisco
Joys Number 2 Hair Salon,joys-number-2-hair-salon-san-francisco
Nails by Vera,nails-by-vera-san-francisco
BellaDonna Nail Salon,belladonna-nail-salon-san-francisco
Mad About Brows,mad-about-brows-san-francisco
Perfect 10,perfect-10-san-francisco
Bryan Roberts Salon & Color Bar,bryan-roberts-salon-and-color-bar-san-francisco-3
Hair Candy Salon,hair-candy-salon-san-francisco
Divisadero Nails,divisadero-nails-san-francisco
Joys Hair Salon,joys-hair-salon-san-francisco
Organic Shimmer The Spa,organic-shimmer-the-spa-san-francisco-3
Aesthetics by Veronica,aesthetics-by-veronica-san-francisco
Makeup by Quis,makeup-by-quis-san-francisco-2
Haight Salon,haight-salon-san-francisco
Felicia Gelardi,felicia-gelardi-san-francisco-3
Mes Amis 193,mes-amis-193-san-francisco
Rose Hair Design,rose-hair-design-san-francisco
Tania Goulart,tania-goulart-san-francisco-3
The Light Fantastic Salonspa,the-light-fantastic-salonspa-san-francisco
Hairspace,hairspace-san-francisco
MedEstheticsRx,medestheticsrx-san-francisco-4
Alex Chases Salon,alex-chases-salon-san-francisco
783 Foot Massage Reflexology Town,783-foot-massage-reflexology-town-san-francisco
Rosalee At Chop Shop Salon,rosalee-at-chop-shop-salon-san-francisco
Twenty 89 Hair Design,twenty-89-hair-design-san-francisco
Sublime Salon,sublime-salon-san-francisco
Natural Salon,natural-salon-san-francisco
Salon de Union,salon-de-union-san-francisco-2
Bibbo Salon,bibbo-salon-san-francisco
Chanin Murphy,chanin-murphy-san-francisco
Salon Picasso,salon-picasso-san-francisco
Sally Beauty Supply,sally-beauty-supply-san-francisco
Susie Chhuor Hair & Makeup,susie-chhuor-hair-and-makeup-san-francisco-2
Solid Gold Salon,solid-gold-salon-san-francisco
Silk Nail Salon,silk-nail-salon-san-francisco
Artistic Nails & Spa,artistic-nails-and-spa-san-francisco
Lavande Nail Spa,lavande-nail-spa-san-francisco
San Francisco Nail,san-francisco-nail-san-francisco
The Cutting Edge Salon,the-cutting-edge-salon-san-francisco
LA Touched Salon,la-touched-salon-san-francisco
Shear Image Salon,shear-image-salon-san-francisco
Sunshine Nails,sunshine-nails-san-francisco
Grasshopper Hair Salon,grasshopper-hair-salon-san-francisco
Aida Grey-Helen of St Moritz,aida-grey-helen-of-st-moritz-san-francisco
Shua's Nails,shuas-nails-san-francisco
Episode Salon & Spa,episode-salon-and-spa-san-francisco
New French Nails,new-french-nails-san-francisco-2
Design Her Image,design-her-image-san-jose-2
Good Nails,good-nails-san-francisco
Tao Barber Salon,tao-barber-salon-san-francisco
New Beauty,new-beauty-san-francisco-2
Annie's Deluxe Home Nail Care,annies-deluxe-home-nail-care-san-francisco
Gloss 'n Glam,gloss-n-glam-san-francisco
ModVellum,modvellum-san-francisco-3
International Orange Spa,international-orange-spa-san-francisco
Amazing Nails,amazing-nails-san-francisco-3
Cherish,cherish-san-francisco-2
Sunrise Nail & Facial,sunrise-nail-and-facial-san-francisco
Zaza Nail Spa,zaza-nail-spa-san-francisco
Atelier Emmanuel Salon and Day Spa,atelier-emmanuel-salon-and-day-spa-san-francisco
Z Beauty Lounge,z-beauty-lounge-san-francisco
Angel's Nail Salon,angels-nail-salon-san-francisco
Bay's Nail & Beauty Supply,bays-nail-and-beauty-supply-san-francisco
Creative Nails,creative-nails-san-francisco
Fingertips Nail Salon,fingertips-nail-salon-san-francisco
Blush Skin Care,blush-skin-care-san-francisco
Joy Joy Nail,joy-joy-nail-san-francisco
Lombard Nail Spa,lombard-nail-spa-san-francisco-3
Kim's Precision Haircuts,kims-precision-haircuts-san-francisco
Brogan and Son,brogan-and-son-san-francisco
Malay Skin Studio,malay-skin-studio-pacifica-2
Le Trend Nail Salon,le-trend-nail-salon-san-francisco
Geary Salon,geary-salon-san-francisco
Focus Hair Studio,focus-hair-studio-san-francisco
Defeyened,defeyened-san-francisco
Spa Nordstrom,spa-nordstrom-san-francisco
Moxie Parlour,moxie-parlour-san-francisco-2
Rever Hairstyling,rever-hairstyling-san-francisco
Groove Salon,groove-salon-san-francisco
Dynasty Nail,dynasty-nail-san-francisco
Lilypad Spa,lilypad-spa-san-francisco
Perfection Nails Spa,perfection-nails-spa-san-francisco
Bella Tu,bella-tu-san-francisco
Charmante,charmante-san-francisco
Fancy Fingers & Facials,fancy-fingers-and-facials-san-francisco
Teresita Nail Spa,teresita-nail-spa-san-francisco
Glow Hand and Foot Spa,glow-hand-and-foot-spa-san-francisco
Magic Nails,magic-nails-san-francisco
Sanctuary Spa at Bay Club of San Francisco,sanctuary-spa-at-bay-club-of-san-francisco-san-francisco
Cinta Salon,cinta-salon-san-francisco
Mini Nails,mini-nails-san-francisco
Nails-N-Perfect,nails-n-perfect-san-francisco-2
Dermal Essentials,dermal-essentials-san-francisco
Orchid Nail Salon,orchid-nail-salon-san-francisco
Waxing by Tracy at Hair Help,waxing-by-tracy-at-hair-help-san-francisco
Pacific Nails,pacific-nails-san-francisco
Joseph Cozza Salon,joseph-cozza-salon-san-francisco
Kiaras Beauty Salon,kiaras-beauty-salon-san-francisco
GSQUARED A SOMA Hair Studio,gsquared-a-soma-hair-studio-san-francisco
LeeLaWaDee Thai Classic Massage,leelawadee-thai-classic-massage-san-francisco-2
Union Gent Haircutters,union-gent-haircutters-san-francisco
Lash and Face By Chi,lash-and-face-by-chi-san-francisco
Skin Fantastik,skin-fantastik-san-francisco
Precision Hair Design,precision-hair-design-san-francisco
Triple Twist Makeup & Hair Design,triple-twist-makeup-and-hair-design-san-francisco
Vanity Beauty Lounge,vanity-beauty-lounge-san-francisco
Pure Envy Spa Bar,pure-envy-spa-bar-san-francisco
Citi Beauty Skincare,citi-beauty-skincare-san-francisco
KT Nails,kt-nails-san-francisco-3
Mademoiselle Nails,mademoiselle-nails-san-francisco
Veer & Wander,veer-and-wander-san-francisco
Wild Orchid Nails & Spa,wild-orchid-nails-and-spa-san-francisco
Flying Beauticians,flying-beauticians-san-francisco
Descend Salon,descend-salon-san-francisco
Tina's Nails,tinas-nails-san-francisco
Lauren Mae Haggard,lauren-mae-haggard-san-francisco-5
European Glamorous Nails,european-glamorous-nails-san-francisco
Arty,arty-san-francisco
Tracy Mazza Hairstyling,tracy-mazza-hairstyling-san-francisco
My Nails,my-nails-san-francisco
A.T. Beauty Spa,a-t-beauty-spa-san-francisco
Hair Fairies,hair-fairies-san-francisco-4
April Nail Salon,april-nail-salon-san-francisco-2
Chic Nails Salon,chic-nails-salon-san-francisco
Lavish Hair and Makeup Studio,lavish-hair-and-makeup-studio-san-francisco-2
La Fleur Hair & Nail Spa,la-fleur-hair-and-nail-spa-san-francisco
J. Roland,j-roland-san-francisco
Yelena Spa,yelena-spa-san-francisco
Paradise Nail Spa,paradise-nail-spa-san-francisco
Benefit Brow Bar at Macy's,benefit-brow-bar-at-macys-san-francisco
Yellow Orchid Nails Spa,yellow-orchid-nails-spa-san-francisco-2
Rumours Hair & Nail Salon,rumours-hair-and-nail-salon-san-francisco
Dermaplus Skin + Body,dermaplus-skin-body-san-francisco
Sassi Beauty Salon,sassi-beauty-salon-san-francisco
Quince Spa,quince-spa-san-francisco
Heaven Day Spa & Salon,heaven-day-spa-and-salon-san-francisco
MaduSalon,madusalon-san-francisco-2
Heads Up Hair Care,heads-up-hair-care-san-francisco
Peoples Barber,peoples-barber-san-francisco
Bijou Nail Salon,bijou-nail-salon-san-francisco
David Scott Jones Hair,david-scott-jones-hair-san-francisco
Bamboo,bamboo-san-francisco
Arrow Salon,arrow-salon-san-francisco
Urban Allure,urban-allure-san-francisco
Yvonne Hair Salon,yvonne-hair-salon-san-francisco
Beauty Company,beauty-company-san-francisco
Mike Page Style Lab,mike-page-style-lab-san-francisco
Lotus Foot Care At Home,lotus-foot-care-at-home-san-francisco
Body Manipulations,body-manipulations-san-francisco
Remde Spa,remde-spa-san-francisco-2
Zen Day Spa,zen-day-spa-san-francisco
Lombard Heights Nail Salon,lombard-heights-nail-salon-san-francisco
Smoke & Mirrors,smoke-and-mirrors-san-francisco
Cocoon Bare,cocoon-bare-san-francisco
Sunflowers Nails,sunflowers-nails-san-francisco-2
Sassoon Salon,sassoon-salon-san-francisco
Bliss Spa,bliss-spa-san-francisco-5
Flower &  Gold Wedding Hair and Make-up,flower-and-gold-wedding-hair-and-make-up-san-francisco
Market Nail Spa,market-nail-spa-san-francisco
Salon 265,salon-265-san-francisco-2
Parlor,parlor-san-francisco-3
Golia Beauty Center,golia-beauty-center-san-francisco
Two Sisters,two-sisters-san-francisco
Skin City,skin-city-san-francisco
SASS,sass-san-francisco-2
Zenbi Nails,zenbi-nails-san-francisco
Glambox Beauty,glambox-beauty-san-francisco-2
Rubio & Raven,rubio-and-raven-san-francisco
People Hair & Nail Spa,people-hair-and-nail-spa-san-francisco
Head to Toes,head-to-toes-san-francisco
La Biang Thai Massage,la-biang-thai-massage-san-francisco-4
Jouvence Salon and Spa,jouvence-salon-and-spa-san-francisco-2
Bare Escentuals,bare-escentuals-san-francisco-4
Nova Nail Spa,nova-nail-spa-san-francisco
Salon Baobao,salon-baobao-san-francisco
Portola Nail Bar,portola-nail-bar-san-francisco
Kitty's Nails,kittys-nails-san-francisco
Tiptoes Union Square,tiptoes-union-square-san-francisco
Akimi Hair Gallery,akimi-hair-gallery-san-francisco
Hair Artist Aurora Theresa,hair-artist-aurora-theresa-san-francisco-2
Jungle Red,jungle-red-san-francisco
Presidio Heights Salon,presidio-heights-salon-san-francisco
Laline,laline-san-francisco-2
The Red Chair Salon,the-red-chair-salon-san-francisco
High Class Nails,high-class-nails-san-francisco
The Traveling Stylist,the-traveling-stylist-sacramento-2
Arthur Sebastian,arthur-sebastian-san-francisco
Eyebrows To Die For,eyebrows-to-die-for-san-francisco
Haute Hair Studio,haute-hair-studio-san-francisco-2
Haight Ashbury Tattoo and Piercing,haight-ashbury-tattoo-and-piercing-san-francisco
Union Nails,union-nails-san-francisco-2
La Tira Wax Studio,la-tira-wax-studio-san-francisco
The Final Touch 2,the-final-touch-2-san-francisco-2
West Coast Beauty Nails,west-coast-beauty-nails-san-francisco
Sain Saine,sain-saine-san-francisco
Hair Weaving & Braids By Jovann,hair-weaving-and-braids-by-jovann-san-francisco-4
Tooba Salon,tooba-salon-san-francisco
Doan's Nails,doans-nails-san-francisco
Sugar Society,sugar-society-san-francisco
Citi Beauty Skin Care,citi-beauty-skin-care-san-francisco
Sydney Nail Spa,sydney-nail-spa-san-francisco
Salon Mark Carlos,salon-mark-carlos-san-francisco
Lustre Salon,lustre-salon-san-francisco
Betty Beauty Care,betty-beauty-care-san-francisco
Lumina European  Nail Salon,lumina-european-nail-salon-san-francisco
Phuong Nail Station,phuong-nail-station-san-francisco
Salon A7,salon-a7-san-francisco
Beauty By Breanne - Advanced Spray Tan,beauty-by-breanne-advanced-spray-tan-san-francisco
Belle by Marine,belle-by-marine-san-francisco-4
Tnails,tnails-san-francisco
Tom's Beautiful Sexy Hair,toms-beautiful-sexy-hair-san-francisco
Kimberly Jones Esthetics Micro Spa,kimberly-jones-esthetics-micro-spa-san-francisco
All Dolled Up,all-dolled-up-san-francisco
Unique Design Nails,unique-design-nails-san-francisco
Foot Reflexology Center,foot-reflexology-center-san-francisco
Zaya Nail Spa,zaya-nail-spa-san-francisco
Ladies & Gents,ladies-and-gents-san-francisco
Pearly Nails,pearly-nails-san-francisco-2
Dekko,dekko-san-francisco
Gelous Nails,gelous-nails-san-francisco
JA's Razor Club,jas-razor-club-san-francisco
AB Beauty Salon,ab-beauty-salon-san-francisco
Dogpatch Barber and Shave,dogpatch-barber-and-shave-san-francisco-5
Glamour Beauty Salon,glamour-beauty-salon-san-francisco
Joana Nails,joana-nails-san-francisco
Beauty Matters,beauty-matters-san-francisco-2
Lonni's Punani Waxing,lonnis-punani-waxing-san-francisco-3
Barrow Salon,barrow-salon-san-francisco
Bloomingdale's,bloomingdales-san-francisco
Kat Kern,kat-kern-san-francisco
Costa Del Sol Tanning Salon,costa-del-sol-tanning-salon-san-francisco
Glen Park Nails,glen-park-nails-san-francisco
Moxi,moxi-san-francisco
Shimmer,shimmer-san-francisco
Head to Toes Beauty,head-to-toes-beauty-san-francisco
Progressive Cuts,progressive-cuts-san-francisco
Rosy Heels,rosy-heels-san-francisco
Organic Shimmer Tanning Therapy,organic-shimmer-tanning-therapy-san-francisco
Lucy's Pro Nails,lucys-pro-nails-san-francisco
Curl Up,curl-up-san-francisco
Sen Beauty Spa,sen-beauty-spa-san-francisco
Pampered Nails By Tammy,pampered-nails-by-tammy-san-francisco
Brandon For Hair,brandon-for-hair-san-francisco
Little Saigon Hair & Nails Salon,little-saigon-hair-and-nails-salon-san-francisco
Bruce Ross & Company Salon,bruce-ross-and-company-salon-san-francisco
City Famous Spa,city-famous-spa-san-francisco
Lombard Beauty Salon,lombard-beauty-salon-san-francisco-2
African Beauty Supply and Salon,african-beauty-supply-and-salon-san-francisco-2
Rich Relief Massage,rich-relief-massage-san-francisco-6
Generation Nails,generation-nails-san-francisco
The Pampered Girl,the-pampered-girl-san-francisco-2
Ciao Bella Nails,ciao-bella-nails-san-francisco
Stasis Facial Spa,stasis-facial-spa-san-francisco
Beautiful Nails,beautiful-nails-san-francisco
Alex Talon - Hair Studio,alex-talon-hair-studio-san-francisco
Imperial Spa,imperial-spa-san-francisco
Primp,primp-san-francisco
Irina's Skin Care,irinas-skin-care-san-francisco
Equinox,equinox-san-francisco-2
Belli Capelli Aromatherapy Salon & Day Spa,belli-capelli-aromatherapy-salon-and-day-spa-san-francisco
Hokus Pokus Salon,hokus-pokus-salon-san-francisco
Addiction Salon,addiction-hair-salon-san-francisco
Lian Nails,lian-nails-san-francisco
Nail Care For You,nail-care-for-you-san-francisco
Thi Spa & Nails,thi-spa-and-nails-san-francisco
Lilyan's Beauty Salon,lilyans-beauty-salon-san-francisco
Spargo - A Place For Men,spargo-a-place-for-men-san-francisco-2
Bayview Nail Care,bayview-nail-care-san-francisco
California Chiropractic Center,california-chiropractic-center-san-francisco-3
Blackbird Salon,blackbird-salon-san-francisco
The Woodbridge Salon,the-woodbridge-salon-san-francisco
Hair 49,hair-49-san-francisco
Center Nails,center-nails-san-francisco
Missy Lowe Makeup & Hair,missy-lowe-makeup-and-hair-san-francisco-2
1512 Barber Shop,1512-barber-shop-san-francisco
Drybar Pacific Heights,drybar-pacific-heights-san-francisco
Brooklyn Cooper Salon,brooklyn-cooper-salon-san-francisco
Pure Organic Spa,pure-organic-spa-san-francisco
JosephAlex Salon,josephalex-salon-san-francisco-2
Rendez-Vous Nails,rendez-vous-nails-san-francisco
Ashley Zimmerman Hair Stylist,ashley-zimmerman-hair-stylist-san-francisco
Black & Blue Tattoo,black-and-blue-tattoo-san-francisco
Kiehl's Since 1851,kiehls-since-1851-san-francisco-5
Fresh Face Makeup,fresh-face-makeup-san-francisco
The Pretty Pretty Collective,the-pretty-pretty-collective-san-francisco
Nora Spa & Salon,nora-spa-and-salon-san-francisco
Marina Nails,marina-nails-san-francisco
Zindagi Salon,zindagi-salon-san-francisco
Salon Miel,salon-miel-san-francisco
SenSpa,senspa-san-francisco
Minia Make Up,minia-make-up-san-francisco
Poppies,poppies-san-francisco
Union Square Stress Reduction Center,union-square-stress-reduction-center-san-francisco
Bladerunners Hair Studio,bladerunners-hair-studio-san-francisco
Designs By Sandra,designs-by-sandra-campbell
L P Nail Care,l-p-nail-care-san-francisco
Saviours Salon,saviours-salon-san-francisco-3
Joyful Massage Center,joyful-massage-center-san-francisco
V Nail Spa,v-nail-spa-san-francisco
Lashes By Melissa,lashes-by-melissa-san-francisco-2
B Parlor,b-parlor-san-francisco
Valhalla Salon,valhalla-salon-san-francisco
Castro Nail Salon,castro-nail-salon-san-francisco
Kra,kra-san-francisco
Viva La Tan,viva-la-tan-san-francisco-2
Marinello Schools of Beauty,marinello-schools-of-beauty-san-francisco
iLash Extensions,ilash-extensions-san-francisco
Twisted Scissors,twisted-scissors-san-francisco
Pirate Salon,pirate-salon-san-francisco
Mak & Co,mak-and-co-san-francisco
Pro-Style,pro-style-san-francisco
Lyon Street Salon,lyon-street-salon-san-francisco
Beach Beauty Salon,beach-beauty-salon-san-francisco
Rainbow Nail Spa,rainbow-nail-spa-san-francisco
It's All About You Salon,its-all-about-you-salon-san-francisco
Face It Salon & Spa,face-it-salon-and-spa-san-francisco
American Pro Nails,american-pro-nails-san-francisco
Head To Toe Beauty Salon,head-to-toe-beauty-salon-san-francisco
Four Seasons Nails & Tanning,four-seasons-nails-and-tanning-san-francisco
Top Look,top-look-san-francisco
Sue's Hair Studio,sues-hair-studio-san-francisco
Lashfully,lashfully-san-francisco-3
Hair Play,hair-play-san-francisco-2
Glamour Puss,glamour-puss-san-francisco
Sally's Salon,sallys-salon-san-francisco
Roseate Girl,roseate-girl-san-francisco-2
Jehr Schiavo Haute Coiffure,jehr-schiavo-haute-coiffure-san-francisco
Venus Permanent Makeup,venus-permanent-makeup-san-francisco
Nepenji Japan Center Beauty Clinic,nepenji-japan-center-beauty-clinic-san-francisco
Alcheme Salon,alcheme-salon-san-francisco-3
Spa Radiance,spa-radiance-san-francisco
Skincare By Erika,skincare-by-erika-san-francisco
Fancy Fingers & Spa,fancy-fingers-and-spa-san-francisco-2
Pink Lotus Nails,pink-lotus-nails-san-francisco-2
Wax Addict,wax-addict-san-francisco
Nail Pretty,nail-pretty-san-francisco
Milvali Salon and Cosmetics,milvali-salon-and-cosmetics-san-francisco
Haight Street Nails,haight-street-nails-san-francisco
Wendy Q Nail Salon,wendy-q-nail-salon-san-francisco
Fekaso Hair Salon,fekaso-hair-salon-san-francisco-2
St Moritz Beauty-Barber & Spa Salon-Hyatt Hotel,st-moritz-beauty-barber-and-spa-salon-hyatt-hotel-san-francisco-2
Benefit Brow Bar At Bloomingdales,benefit-brow-bar-at-bloomingdales-san-francisco
Aestia Skincare,aestia-skincare-san-francisco
Eyebrows Anonymous,eyebrows-anonymous-san-francisco
Always Tan Skin and Body,always-tan-skin-and-body-san-francisco
Mimi Hair & Nail Design,mimi-hair-and-nail-design-san-francisco
Nail Today,nail-today-san-francisco-3
LaBelle Day Spas & Salons,labelle-day-spas-and-salons-san-francisco
Ele Ela Nails Salon,ele-ela-nails-salon-san-francisco-2
Salon D,salon-d-san-francisco
Oil & Water Skincare,oil-and-water-skincare-san-francisco
Cortland Nails Salon,cortland-nails-salon-san-francisco
Sidney Nails,sidney-nails-san-francisco
V.W. Nail Care,v-w-nail-care-san-francisco
Snap Nails,snap-nails-san-francisco
Yaquesita's Nails Studio,yaquesitas-nails-studio-san-francisco
Mizu Spa,mizu-spa-san-francisco
Savvy Hair Salon,savvy-hair-salon-san-francisco
Salon DnA,salon-dna-san-francisco-4
Pretty,pretty-berkeley-2
The Balm,the-balm-san-francisco-2
Spoke & Weal,spoke-and-weal-san-francisco
Onika Simone,onika-simone-san-francisco
Nailtastic,nailtastic-san-francisco-3
Queen Bee Nail Salon,queen-bee-nail-salon-san-francisco
Leslie's Nails 2,leslies-nails-2-san-francisco
TAYLOR / MONROE,taylor-monroe-san-francisco-2
Camilla Betteridge,camilla-betteridge-san-francisco
Urban Beauty Spa,urban-beauty-spa-san-francisco
Supercuts,supercuts-san-francisco-2
Lady Gold Fingers,lady-gold-fingers-san-francisco-2
Debbie Kroh Beauty,debbie-kroh-beauty-san-francisco
Tan Bella,tan-bella-san-francisco
Lee Hong Hair Styling,lee-hong-hair-styling-san-francisco
Stript Wax Bar,stript-wax-bar-san-francisco
Zip Zap Hair,zip-zap-hair-san-francisco
S & J Hair Salon,s-and-j-hair-salon-san-francisco
London Lass Beauty Salon,london-lass-beauty-salon-san-francisco
Fox & Doll Makeup & Hair,fox-and-doll-makeup-and-hair-san-francisco
First Nails,first-nails-san-francisco
San Francisco Institute of Esthetics & Cosmetology,san-francisco-institute-of-esthetics-and-cosmetology-san-francisco
Nelson Olivera,nelson-olivera-san-francisco-2
Polk Street Hair Design,polk-street-hair-design-san-francisco
Valencia Nail,valencia-nail-san-francisco
Mr. Eckhard Beauty Salon At the Fairmont Hotel,mr-eckhard-beauty-salon-at-the-fairmont-hotel-san-francisco
Lisa's Beauty Salon,lisas-beauty-salon-san-francisco-2
Lu Lu Salon & Skin Care,lu-lu-salon-and-skin-care-san-francisco
Neva's Beauty,nevas-beauty-san-francisco-2
Star Lynn Beauty Lounge,star-lynn-beauty-lounge-san-francisco
Brows Shaping Salon,brows-shaping-salon-san-francisco
Estila,estila-san-francisco
Kristina Welzien,kristina-welzien-san-francisco
Gaia Tree,gaia-tree-san-francisco
Lipstick Salon Beauty Supply,lipstick-salon-beauty-supply-san-francisco
Burke Williams Day Spa,burke-williams-day-spa-san-francisco-2
Andy's Nail Spa,andys-nail-spa-san-francisco
Mystic Haircutting,mystic-haircutting-san-francisco
Renaissance Skin Care,renaissance-skin-care-san-francisco
DreamGirl Makeup Institute,dreamgirl-makeup-institute-san-francisco
Alifa Wong Beauty & Bridal,alifa-wong-beauty-and-bridal-san-francisco
Glam-Up,glam-up-san-francisco
Nefertiti's Hair & Spa,nefertitis-hair-and-spa-san-francisco
Sally's Nail Spa,sallys-nail-spa-san-francisco-2
EliteStylist  Makeup and Hair,elitestylist-makeup-and-hair-san-francisco-2
Annie's Studio Salon,annies-studio-salon-san-francisco
Beauty Style Exchange,beauty-style-exchange-san-francisco
Wild Heart,wild-heart-san-francisco
Cass Leung,cass-leung-san-francisco
Trendy Hair Gallery & Beauty Supply,trendy-hair-gallery-and-beauty-supply-san-francisco
West Coast Beauty Supply,west-coast-beauty-supply-san-francisco
Suchada Thai Massage,suchada-thai-massage-san-francisco
Lux Salon,lux-salon-san-francisco
Nails By Nancy,nails-by-nancy-san-francisco
Jackson Place Salon,jackson-place-salon-san-francisco
MadKat,madkat-san-francisco
SharpKuts,sharpkuts-san-francisco
Carlton Hair,carlton-hair-san-francisco
Salon Alta,salon-alta-san-francisco
Juicy Nails,juicy-nails-san-francisco
Pampered Hands Salon,pampered-hands-salon-san-francisco
City Skin and Laser Clinic,city-skin-and-laser-clinic-san-francisco
The Color Design Salon,the-color-design-salon-san-francisco
White Butterfly Nail & Spa,white-butterfly-nail-and-spa-san-francisco
Q Lotus Salon,q-lotus-salon-san-francisco
Seventh Son Tattoo,seventh-son-tattoo-san-francisco
Erica Carr,erica-carr-san-francisco-4
Gentle Star Medspa,gentle-star-medspa-san-francisco
Nails For You,nails-for-you-san-francisco
Pretty Nails,pretty-nails-san-francisco
Yzinn Nail Club,yzinn-nail-club-san-francisco-3
Cole Valley Salon,cole-valley-salon-san-francisco
Blink Eyebrows & Cosmetics,blink-eyebrows-and-cosmetics-san-francisco
reWAXation,rewaxation-san-francisco
Cosmoprof,cosmoprof-san-francisco
ML Hair Studio,ml-hair-studio-san-francisco-2
Glama-Rama!,glama-rama-san-francisco-3
Fahrenheit,fahrenheit-san-francisco
Noe Valley Spa,noe-valley-spa-san-francisco-3
Momo Nails Salon,momo-nails-salon-san-francisco
Minami Beauty Salon,minami-beauty-salon-san-francisco
Urania's Hand and Foot Essentials,uranias-hand-and-foot-essentials-san-francisco
Ash's Lash Extensions,ashs-lash-extensions-san-francisco
Cowboys & Angels,cowboys-and-angels-san-francisco
Cable Car Clothiers Robert Kirk,cable-car-clothiers-robert-kirk-san-francisco
Patrick Richards Salon,patrick-richards-salon-san-francisco
Hair On Hyde,hair-on-hyde-san-francisco
Melon Nail Bar,melon-nail-bar-san-francisco
Brown Sugar Airbrush Tanning Boutique,brown-sugar-airbrush-tanning-boutique-san-francisco-4
Flourish Skin & Wax,flourish-skin-and-wax-san-francisco
J & L Nails,j-and-l-nails-san-francisco-2
Stillpoint Wellness Center,stillpoint-wellness-center-san-francisco
Sandy Nails,sandy-nails-san-francisco
Donna's Nails,donnas-nails-san-francisco
Finest Nails II,finest-nails-ii-san-francisco
Gacela Salon Y Clinica De Belleza,gacela-salon-y-clinica-de-belleza-san-francisco
Cara Bella Skin Care Boutique,cara-bella-skin-care-boutique-san-francisco
Aspire Salon,aspire-salon-san-francisco-3
Dara Roberts Hair Design,dara-roberts-hair-design-san-francisco
Beautified Skin & Wax,beautified-skin-and-wax-san-francisco
Blo Blow Dry Bar,blo-blow-dry-bar-san-francisco-3
Vim & Vigor,vim-and-vigor-san-francisco
Blend Salon,blend-salon-san-francisco
Sally Nail Spa,sally-nail-spa-san-francisco
Cocoon Urban Day Spa,cocoon-urban-day-spa-san-francisco
Tip Top Nails,tip-top-nails-san-francisco
PATRICK EVAN Hair Salon,patrick-evan-hair-salon-san-francisco-2
La Crme Spa,la-crme-spa-san-francisco-2
Zippy's Hair Studio,zippys-hair-studio-san-francisco
Five Star Nails and Spa,five-star-nails-and-spa-san-francisco
JT Artistry,jt-artistry-san-francisco
Waxing by Stefani @ Metamorphosis Salon,waxing-by-stefani-metamorphosis-salon-san-francisco
Bare,bare-san-francisco
Opal Nail Spa,opal-nail-spa-san-francisco
Robert James Color,robert-james-color-san-francisco
Edo Salon,edo-salon-san-francisco-3
MAC Cosmetics,mac-cosmetics-san-francisco-8
Rose and Kim Spa,rose-and-kim-spa-san-francisco-2
Beauty Supply Warehouse,beauty-supply-warehouse-san-francisco-3
Braindrops,braindrops-san-francisco-2
Top Ten Nails,top-ten-nails-san-francisco
European Skin Care,european-skin-care-san-francisco
Nails N Beauty,nails-n-beauty-san-francisco
Happy Lashes,happy-lashes-san-francisco
Beautyland,beautyland-san-francisco
On Mars Salon,on-mars-salon-san-francisco-2
Relax Nails,relax-nails-san-francisco
Bernal Heights Nails Care,bernal-heights-nails-care-san-francisco
Hi-Tech Nails,hi-tech-nails-san-francisco
Marilyn Jaeger Skincare and Massage Studio,marilyn-jaeger-skincare-and-massage-studio-san-francisco
Nomi Day Spa,nomi-day-spa-san-francisco
Habit,habit-san-francisco
Merry Manicures,merry-manicures-san-francisco
Four Seasons Nails And Spa,four-seasons-nails-and-spa-san-francisco-2
San Zen Nails,san-zen-nails-san-francisco
John Velasquez Salon,john-velasquez-salon-san-francisco
Michelle Hair Studio,michelle-hair-studio-san-francisco
Head Spa,head-spa-san-francisco
Anastasia Beverly Hills Brow Studio,anastasia-beverly-hills-brow-studio-san-francisco
Mane Attraction,mane-attraction-san-francisco
Hollywood Hair Salon,hollywood-hair-salon-san-francisco
Nob Hill Hair,nob-hill-hair-san-francisco
Dolci Beauty Lounge,dolci-beauty-lounge-san-francisco-2
M Spa,m-spa-san-francisco-2
Sparkle San Francisco,sparkle-san-francisco-san-francisco-3
Donna Fujii Color & Image Institute,donna-fujii-color-and-image-institute-san-francisco
The Social Beauty Co.,the-social-beauty-co-san-francisco
Milk +,milk-san-francisco-2
Elizabeth Hair Studio,elizabeth-hair-studio-san-francisco-3
Waxing 4 Men,waxing-4-men-san-francisco
Oasis Traveling Spa,oasis-traveling-spa-el-granada
e Salon,e-salon-san-francisco
New York Hair & Nail,new-york-hair-and-nail-san-francisco
Nob Hill Spa,nob-hill-spa-san-francisco
Manicure & Pedicure By Nancy,manicure-and-pedicure-by-nancy-san-francisco
Prim Salon,prim-salon-san-francisco
Sutter Nails,sutter-nails-san-francisco
Follicle Hair Salon,follicle-hair-salon-san-francisco-3
First Nail Care,first-nail-care-san-francisco-2
Ringolevio Hair Salon,ringolevio-hair-salon-san-francisco
Nice Studio,nice-studio-san-francisco
Hand Touch Nails Care,hand-touch-nails-care-san-francisco
JP Kempt Barber,jp-kempt-barber-san-francisco
Blow,blow-san-francisco-5
Rosewater Skin Care,rosewater-skin-care-san-francisco
Silky Touch Nail Salon,silky-touch-nail-salon-san-francisco
Studio B - Patrick Evan Salon,studio-b-patrick-evan-salon-san-francisco
Cetana Salon Spa,cetana-salon-spa-san-francisco-2
Cinta Aveda Institute,cinta-aveda-institute-san-francisco
"Werk Salon, Inc",werk-salon-inc-san-francisco
Bubble Pop Electric Salon,bubble-pop-electric-salon-san-francisco-3
Zen Beauty Spa,zen-beauty-spa-san-francisco-2
Sammy Oliver Salon,sammy-oliver-salon-san-francisco
LV Nail Spa,lv-nail-spa-san-francisco-2
John Francis Spa,john-francis-spa-san-francisco
Crime Lab,crime-lab-san-francisco-2
TopCoat Nail Studio,topcoat-nail-studio-san-francisco-2
2 Spirit Tattoo,2-spirit-tattoo-san-francisco
Wanderlust Salon,wanderlust-salon-san-francisco
Minna Nails,minna-nails-san-francisco-3
Queen's Nail,queens-nail-san-francisco
Virgil's Hair Cutting Studio,virgils-hair-cutting-studio-san-francisco
Perfect Styling Salon and Beauty,perfect-styling-salon-and-beauty-san-francisco
Nails by Lavinia,nails-by-lavinia-san-francisco
European Skin Care by Maria,european-skin-care-by-maria-san-francisco-2
Professional Makeup Artistry,professional-makeup-artistry-san-francisco-2
Jade Mendoza,jade-mendoza-san-francisco-3
Michelle Nails No 2.,michelle-nails-no-2-san-francisco
Willy's Barber Shop,willys-barber-shop-san-francisco
Good Looks Salon,good-looks-salon-san-francisco
Salon Village,salon-village-san-francisco
Kelly and Tiffany Skincare,kelly-and-tiffany-skincare-san-francisco
Bambiana For Long Hair,bambiana-for-long-hair-san-francisco
7 Nails,7-nails-san-francisco-2
Tena Pro Nails,tena-pro-nails-san-francisco
Hair Help Salon,hair-help-salon-san-francisco-2
Ginger Rubio,ginger-rubio-san-francisco
Regina European Skin Care,regina-european-skin-care-san-francisco
JT Nails,jt-nails-san-francisco
CK Hair Design,ck-hair-design-san-francisco
Radical Tan Salon,radical-tan-salon-san-francisco
Sorry I Broke Your Heart,sorry-i-broke-your-heart-san-francisco
DAVID JAMES.,david-james-san-francisco
Benefit Cosmetics Boutique & Brow Bar,benefit-cosmetics-boutique-and-brow-bar-san-francisco-3
M&M Thread Salon,m-and-m-thread-salon-san-francisco-5
Super Performance,super-performance-san-francisco
Equinox Sports Club - San Francisco,equinox-sports-club-san-francisco-san-francisco
Ensoma,ensoma-san-francisco
de'Arti salon,dearti-salon-san-francisco
Au Top Coiffure,au-top-coiffure-san-francisco
